{"cameraMode":{"drawMode":0,"name":"Shaded","section":"Shading Mode"},"sceneLighting":true,"audioPlay":false,"sceneViewState":{"m_AlwaysRefresh":false,"showFog":true,"showSkybox":true,"showFlares":true,"showImageEffects":true,"showParticleSystems":true,"showVisualEffectGraphs":true,"m_FxEnabled":true},"in2DMode":false,"pivot":{"x":2.021089553833008,"y":1.6559433937072755,"z":-7.286338806152344},"rotation":{"x":-0.09446544945240021,"y":0.40882933139801028,"z":-0.04259328916668892,"w":-0.9067100286483765},"size":1.3442665338516236,"orthographic":false}